_id,County,Area Type,Year,Month,Date_Numeric,Seasonally Adjusted(Y/N),Status,LaborForce,Employment,Unemployment,UnemploymentRate,Benchmark,date
145950,Alameda County,County,2020,February,02/2020,N,Final,896800,871800,25000,2.8,2024,2020-02-01
145951,Alameda County,County,2020,March,03/2020,N,Final,883800,846900,36900,4.2,2024,2020-03-01
145952,Alameda County,County,2020,April,04/2020,N,Final,846200,726900,119300,14.1,2024,2020-04-01
145953,Alameda County,County,2020,May,05/2020,N,Final,838600,726100,112500,13.4,2024,2020-05-01
145954,Alameda County,County,2020,June,06/2020,N,Final,861300,756200,105100,12.2,2024,2020-06-01
145955,Alameda County,County,2020,July,07/2020,N,Final,862000,764000,98100,11.4,2024,2020-07-01
145956,Alameda County,County,2020,August,08/2020,N,Final,854800,773400,81300,9.5,2024,2020-08-01
145957,Alameda County,County,2020,September,09/2020,N,Final,853300,775700,77500,9.1,2024,2020-09-01
145958,Alameda County,County,2020,October,10/2020,N,Final,850000,782700,67300,7.9,2024,2020-10-01
145959,Alameda County,County,2020,November,11/2020,N,Final,845100,781200,64000,7.6,2024,2020-11-01
145960,Alameda County,County,2020,December,12/2020,N,Final,843400,781300,62200,7.4,2024,2020-12-01
158132,Alameda County,County,2021,January,01/2021,N,Final,835100,773900,61200,7.3,2024,2021-01-01
158133,Alameda County,County,2021,February,02/2021,N,Final,840300,781100,59300,7.1,2024,2021-02-01
158134,Alameda County,County,2021,March,03/2021,N,Final,842700,786000,56600,6.7,2024,2021-03-01
158135,Alameda County,County,2021,April,04/2021,N,Final,838300,783200,55200,6.6,2024,2021-04-01
158136,Alameda County,County,2021,May,05/2021,N,Final,841100,790500,50600,6.0,2024,2021-05-01
158137,Alameda County,County,2021,June,06/2021,N,Final,846600,789900,56700,6.7,2024,2021-06-01
158138,Alameda County,County,2021,July,07/2021,N,Final,853700,800400,53300,6.2,2024,2021-07-01
158139,Alameda County,County,2021,August,08/2021,N,Final,850900,800400,50500,5.9,2024,2021-08-01
158140,Alameda County,County,2021,September,09/2021,N,Final,850900,808500,42400,5.0,2024,2021-09-01
158141,Alameda County,County,2021,October,10/2021,N,Final,851400,811000,40400,4.7,2024,2021-10-01
158142,Alameda County,County,2021,November,11/2021,N,Final,853400,817200,36200,4.2,2024,2021-11-01
158143,Alameda County,County,2021,December,12/2021,N,Final,853400,820600,32800,3.8,2024,2021-12-01
170571,Alameda County,County,2022,January,01/2022,N,Final,853800,817400,36400,4.3,2024,2022-01-01
170572,Alameda County,County,2022,February,02/2022,N,Final,858300,826100,32200,3.7,2024,2022-02-01
170573,Alameda County,County,2022,March,03/2022,N,Final,861500,832800,28700,3.3,2024,2022-03-01
170574,Alameda County,County,2022,April,04/2022,N,Final,848000,823100,24900,2.9,2024,2022-04-01
170575,Alameda County,County,2022,May,05/2022,N,Final,853000,830600,22500,2.6,2024,2022-05-01
170576,Alameda County,County,2022,June,06/2022,N,Final,854100,827200,26900,3.2,2024,2022-06-01
170577,Alameda County,County,2022,July,07/2022,N,Final,857000,830300,26700,3.1,2024,2022-07-01
170578,Alameda County,County,2022,August,08/2022,N,Final,858400,830500,27900,3.3,2024,2022-08-01
170579,Alameda County,County,2022,September,09/2022,N,Final,859100,834100,25100,2.9,2024,2022-09-01
170580,Alameda County,County,2022,October,10/2022,N,Final,859000,832600,26400,3.1,2024,2022-10-01
170581,Alameda County,County,2022,November,11/2022,N,Final,858600,831600,27000,3.1,2024,2022-11-01
170582,Alameda County,County,2022,December,12/2022,N,Final,858200,833200,25000,2.9,2024,2022-12-01
182758,Alameda County,County,2023,January,01/2023,N,Final,857600,827600,30000,3.5,2024,2023-01-01
182759,Alameda County,County,2023,February,02/2023,N,Final,865300,834500,30900,3.6,2024,2023-02-01
182760,Alameda County,County,2023,March,03/2023,N,Final,869900,839600,30300,3.5,2024,2023-03-01
182761,Alameda County,County,2023,April,04/2023,N,Final,861200,833900,27300,3.2,2024,2023-04-01
182762,Alameda County,County,2023,May,05/2023,N,Final,861800,833100,28700,3.3,2024,2023-05-01
182763,Alameda County,County,2023,June,06/2023,N,Final,861100,827800,33400,3.9,2024,2023-06-01
182764,Alameda County,County,2023,July,07/2023,N,Final,870300,835600,34700,4.0,2024,2023-07-01
182765,Alameda County,County,2023,August,08/2023,N,Final,871000,833100,37900,4.4,2024,2023-08-01
182766,Alameda County,County,2023,September,09/2023,N,Final,872400,836500,35900,4.1,2024,2023-09-01
182767,Alameda County,County,2023,October,10/2023,N,Final,868600,831600,37000,4.3,2024,2023-10-01
182768,Alameda County,County,2023,November,11/2023,N,Final,870900,834700,36200,4.2,2024,2023-11-01
182769,Alameda County,County,2023,December,12/2023,N,Final,865500,830200,35300,4.1,2024,2023-12-01
195151,Alameda County,County,2024,January,01/2024,N,Final,863300,824600,38700,4.5,2024,2024-01-01
195152,Alameda County,County,2024,February,02/2024,N,Final,867800,829500,38300,4.4,2024,2024-02-01
195153,Alameda County,County,2024,March,03/2024,N,Final,870100,832900,37100,4.3,2024,2024-03-01
195154,Alameda County,County,2024,April,04/2024,N,Final,861800,827700,34000,4.0,2024,2024-04-01
195155,Alameda County,County,2024,May,05/2024,N,Final,861700,828700,33000,3.8,2024,2024-05-01
195156,Alameda County,County,2024,June,06/2024,N,Final,864000,824600,39400,4.6,2024,2024-06-01
195157,Alameda County,County,2024,July,07/2024,N,Final,873200,830000,43200,4.9,2024,2024-07-01
195158,Alameda County,County,2024,August,08/2024,N,Final,869000,825500,43600,5.0,2024,2024-08-01
195159,Alameda County,County,2024,September,09/2024,N,Final,869700,830900,38900,4.5,2024,2024-09-01
195160,Alameda County,County,2024,October,10/2024,N,Final,866800,826900,39900,4.6,2024,2024-10-01
195161,Alameda County,County,2024,November,11/2024,N,Final,865600,825700,39900,4.6,2024,2024-11-01
195162,Alameda County,County,2024,December,12/2024,N,Final,862800,825600,37200,4.3,2024,2024-12-01
207791,Alameda County,County,2025,January,01/2025,N,Final,866300,826200,40100,4.6,2024,2025-01-01
208815,Alameda County,County,2025,February,02/2025,N,Final,867800,829200,38600,4.4,2024,2025-02-01
209839,Alameda County,County,2025,March,03/2025,N,Final,876300,838400,37800,4.3,2024,2025-03-01
210863,Alameda County,County,2025,April,04/2025,N,Final,869600,833300,36300,4.2,2024,2025-04-01
211887,Alameda County,County,2025,May,05/2025,N,Final,869800,833700,36100,4.1,2024,2025-05-01
213845,Alameda County,County,2025,June,06/2025,N,Final,867900,824500,43400,5.0,2024,2025-06-01
213846,Alameda County,County,2025,July,07/2025,N,Preliminary,871500,825600,45900,5.3,2024,2025-07-01
145747,Contra Costa County,County,2020,February,02/2020,N,Final,588500,571000,17500,3.0,2024,2020-02-01
145748,Contra Costa County,County,2020,March,03/2020,N,Final,580300,554700,25500,4.4,2024,2020-03-01
145749,Contra Costa County,County,2020,April,04/2020,N,Final,558100,476000,82100,14.7,2024,2020-04-01
145750,Contra Costa County,County,2020,May,05/2020,N,Final,551000,475500,75600,13.7,2024,2020-05-01
145751,Contra Costa County,County,2020,June,06/2020,N,Final,565000,495500,69500,12.3,2024,2020-06-01
145752,Contra Costa County,County,2020,July,07/2020,N,Final,565900,500900,65000,11.5,2024,2020-07-01
145753,Contra Costa County,County,2020,August,08/2020,N,Final,560900,507200,53800,9.6,2024,2020-08-01
145754,Contra Costa County,County,2020,September,09/2020,N,Final,560000,508800,51300,9.2,2024,2020-09-01
145755,Contra Costa County,County,2020,October,10/2020,N,Final,558100,513300,44800,8.0,2024,2020-10-01
145756,Contra Costa County,County,2020,November,11/2020,N,Final,554900,512000,43000,7.7,2024,2020-11-01
145757,Contra Costa County,County,2020,December,12/2020,N,Final,554400,511900,42500,7.7,2024,2020-12-01
158393,Contra Costa County,County,2021,January,01/2021,N,Final,559800,517300,42500,7.6,2024,2021-01-01
158394,Contra Costa County,County,2021,February,02/2021,N,Final,563200,521900,41300,7.3,2024,2021-02-01
158395,Contra Costa County,County,2021,March,03/2021,N,Final,565100,525600,39500,7.0,2024,2021-03-01
158396,Contra Costa County,County,2021,April,04/2021,N,Final,561900,523200,38700,6.9,2024,2021-04-01
158397,Contra Costa County,County,2021,May,05/2021,N,Final,563600,528100,35500,6.3,2024,2021-05-01
158398,Contra Costa County,County,2021,June,06/2021,N,Final,567700,527800,39900,7.0,2024,2021-06-01
158399,Contra Costa County,County,2021,July,07/2021,N,Final,572600,535100,37500,6.5,2024,2021-07-01
158400,Contra Costa County,County,2021,August,08/2021,N,Final,570600,535100,35500,6.2,2024,2021-08-01
158401,Contra Costa County,County,2021,September,09/2021,N,Final,570800,540700,30100,5.3,2024,2021-09-01
158402,Contra Costa County,County,2021,October,10/2021,N,Final,571300,542400,28900,5.1,2024,2021-10-01
158403,Contra Costa County,County,2021,November,11/2021,N,Final,572100,546300,25800,4.5,2024,2021-11-01
158404,Contra Costa County,County,2021,December,12/2021,N,Final,571600,548100,23500,4.1,2024,2021-12-01
170303,Contra Costa County,County,2022,January,01/2022,N,Final,574200,548000,26200,4.6,2024,2022-01-01
170304,Contra Costa County,County,2022,February,02/2022,N,Final,577100,553800,23300,4.0,2024,2022-02-01
170305,Contra Costa County,County,2022,March,03/2022,N,Final,578900,558300,20600,3.6,2024,2022-03-01
170306,Contra Costa County,County,2022,April,04/2022,N,Final,569300,551400,18000,3.2,2024,2022-04-01
170307,Contra Costa County,County,2022,May,05/2022,N,Final,572800,556400,16300,2.8,2024,2022-05-01
170308,Contra Costa County,County,2022,June,06/2022,N,Final,573900,554500,19500,3.4,2024,2022-06-01
170309,Contra Costa County,County,2022,July,07/2022,N,Final,575600,556400,19200,3.3,2024,2022-07-01
170310,Contra Costa County,County,2022,August,08/2022,N,Final,576600,556600,19900,3.5,2024,2022-08-01
170311,Contra Costa County,County,2022,September,09/2022,N,Final,577000,559100,17900,3.1,2024,2022-09-01
170312,Contra Costa County,County,2022,October,10/2022,N,Final,577000,558100,18900,3.3,2024,2022-10-01
170313,Contra Costa County,County,2022,November,11/2022,N,Final,576600,557300,19300,3.3,2024,2022-11-01
170314,Contra Costa County,County,2022,December,12/2022,N,Final,575800,558200,17700,3.1,2024,2022-12-01
183004,Contra Costa County,County,2023,January,01/2023,N,Final,577500,556000,21500,3.7,2024,2023-01-01
183005,Contra Costa County,County,2023,February,02/2023,N,Final,582600,560700,21800,3.7,2024,2023-02-01
183006,Contra Costa County,County,2023,March,03/2023,N,Final,585300,564000,21400,3.6,2024,2023-03-01
183007,Contra Costa County,County,2023,April,04/2023,N,Final,578900,560100,18900,3.3,2024,2023-04-01
183008,Contra Costa County,County,2023,May,05/2023,N,Final,579000,559500,19500,3.4,2024,2023-05-01
183009,Contra Costa County,County,2023,June,06/2023,N,Final,578800,556100,22600,3.9,2024,2023-06-01
183010,Contra Costa County,County,2023,July,07/2023,N,Final,584500,561300,23200,4.0,2024,2023-07-01
183011,Contra Costa County,County,2023,August,08/2023,N,Final,584600,559300,25300,4.3,2024,2023-08-01
183012,Contra Costa County,County,2023,September,09/2023,N,Final,585700,561800,23900,4.1,2024,2023-09-01
183013,Contra Costa County,County,2023,October,10/2023,N,Final,583100,558500,24700,4.2,2024,2023-10-01
182293,Contra Costa County,County,2023,November,11/2023,N,Final,584800,560600,24200,4.1,2024,2023-11-01
182294,Contra Costa County,County,2023,December,12/2023,N,Final,581400,557600,23800,4.1,2024,2023-12-01
195583,Contra Costa County,County,2024,January,01/2024,N,Final,580100,553900,26200,4.5,2024,2024-01-01
195584,Contra Costa County,County,2024,February,02/2024,N,Final,584200,557900,26300,4.5,2024,2024-02-01
195585,Contra Costa County,County,2024,March,03/2024,N,Final,585500,560200,25300,4.3,2024,2024-03-01
195586,Contra Costa County,County,2024,April,04/2024,N,Final,579300,556200,23100,4.0,2024,2024-04-01
195587,Contra Costa County,County,2024,May,05/2024,N,Final,579200,557100,22100,3.8,2024,2024-05-01
195588,Contra Costa County,County,2024,June,06/2024,N,Final,580700,553900,26800,4.6,2024,2024-06-01
195589,Contra Costa County,County,2024,July,07/2024,N,Final,586700,557400,29300,5.0,2024,2024-07-01
195590,Contra Costa County,County,2024,August,08/2024,N,Final,583900,554300,29600,5.1,2024,2024-08-01
195591,Contra Costa County,County,2024,September,09/2024,N,Final,584300,557800,26500,4.5,2024,2024-09-01
195592,Contra Costa County,County,2024,October,10/2024,N,Final,582000,554900,27200,4.7,2024,2024-10-01
195593,Contra Costa County,County,2024,November,11/2024,N,Final,581600,554200,27300,4.7,2024,2024-11-01
195594,Contra Costa County,County,2024,December,12/2024,N,Final,579700,554100,25600,4.4,2024,2024-12-01
207804,Contra Costa County,County,2025,January,01/2025,N,Final,582400,554700,27700,4.8,2024,2025-01-01
208828,Contra Costa County,County,2025,February,02/2025,N,Final,583900,557100,26800,4.6,2024,2025-02-01
209852,Contra Costa County,County,2025,March,03/2025,N,Final,589400,563300,26100,4.4,2024,2025-03-01
210876,Contra Costa County,County,2025,April,04/2025,N,Final,584700,559700,25000,4.3,2024,2025-04-01
211900,Contra Costa County,County,2025,May,05/2025,N,Final,585200,560600,24600,4.2,2024,2025-05-01
213871,Contra Costa County,County,2025,June,06/2025,N,Final,583600,553800,29800,5.1,2024,2025-06-01
213872,Contra Costa County,County,2025,July,07/2025,N,Preliminary,585900,554400,31500,5.4,2024,2025-07-01
146361,Marin County,County,2020,February,02/2020,N,Final,131500,128200,3300,2.5,2024,2020-02-01
146363,Marin County,County,2020,March,03/2020,N,Final,129000,124200,4900,3.8,2024,2020-03-01
146365,Marin County,County,2020,April,04/2020,N,Final,118100,102900,15200,12.9,2024,2020-04-01
146367,Marin County,County,2020,May,05/2020,N,Final,117800,103900,13900,11.8,2024,2020-05-01
146369,Marin County,County,2020,June,06/2020,N,Final,122700,109800,12800,10.5,2024,2020-06-01
146371,Marin County,County,2020,July,07/2020,N,Final,123300,111500,11900,9.6,2024,2020-07-01
146373,Marin County,County,2020,August,08/2020,N,Final,122700,113000,9600,7.8,2024,2020-08-01
146375,Marin County,County,2020,September,09/2020,N,Final,122200,113200,9000,7.4,2024,2020-09-01
146377,Marin County,County,2020,October,10/2020,N,Final,122000,114300,7700,6.3,2024,2020-10-01
146379,Marin County,County,2020,November,11/2020,N,Final,120800,113400,7400,6.1,2024,2020-11-01
146381,Marin County,County,2020,December,12/2020,N,Final,120800,113500,7300,6.1,2024,2020-12-01
157766,Marin County,County,2021,January,01/2021,N,Final,119400,112000,7400,6.2,2024,2021-01-01
157768,Marin County,County,2021,February,02/2021,N,Final,120300,113200,7100,5.9,2024,2021-02-01
157770,Marin County,County,2021,March,03/2021,N,Final,121400,114600,6800,5.6,2024,2021-03-01
157772,Marin County,County,2021,April,04/2021,N,Final,120400,113900,6500,5.4,2024,2021-04-01
157774,Marin County,County,2021,May,05/2021,N,Final,120600,114700,5900,4.9,2024,2021-05-01
157776,Marin County,County,2021,June,06/2021,N,Final,121800,115100,6600,5.5,2024,2021-06-01
157778,Marin County,County,2021,July,07/2021,N,Final,124000,117600,6300,5.1,2024,2021-07-01
157780,Marin County,County,2021,August,08/2021,N,Final,123000,116900,6100,4.9,2024,2021-08-01
157782,Marin County,County,2021,September,09/2021,N,Final,123000,118000,5000,4.1,2024,2021-09-01
157784,Marin County,County,2021,October,10/2021,N,Final,123200,118400,4800,3.9,2024,2021-10-01
157786,Marin County,County,2021,November,11/2021,N,Final,123200,118900,4400,3.5,2024,2021-11-01
157788,Marin County,County,2021,December,12/2021,N,Final,122800,118900,3900,3.2,2024,2021-12-01
170970,Marin County,County,2022,January,01/2022,N,Final,122100,117600,4500,3.7,2024,2022-01-01
170724,Marin County,County,2022,February,02/2022,N,Final,123000,118900,4100,3.3,2024,2022-02-01
170726,Marin County,County,2022,March,03/2022,N,Final,123600,119900,3600,3.0,2024,2022-03-01
170728,Marin County,County,2022,April,04/2022,N,Final,122100,118900,3200,2.6,2024,2022-04-01
170730,Marin County,County,2022,May,05/2022,N,Final,123300,120400,2900,2.3,2024,2022-05-01
170732,Marin County,County,2022,June,06/2022,N,Final,124200,120600,3600,2.9,2024,2022-06-01
170734,Marin County,County,2022,July,07/2022,N,Final,124400,120900,3500,2.8,2024,2022-07-01
170736,Marin County,County,2022,August,08/2022,N,Final,124100,120400,3700,3.0,2024,2022-08-01
170738,Marin County,County,2022,September,09/2022,N,Final,124000,120800,3300,2.6,2024,2022-09-01
170740,Marin County,County,2022,October,10/2022,N,Final,124500,121100,3400,2.8,2024,2022-10-01
170742,Marin County,County,2022,November,11/2022,N,Final,124500,121000,3500,2.8,2024,2022-11-01
170744,Marin County,County,2022,December,12/2022,N,Final,124000,120800,3200,2.6,2024,2022-12-01
182564,Marin County,County,2023,January,01/2023,N,Final,123700,119700,4000,3.2,2024,2023-01-01
182566,Marin County,County,2023,February,02/2023,N,Final,125400,121300,4100,3.3,2024,2023-02-01
182568,Marin County,County,2023,March,03/2023,N,Final,125400,121500,3900,3.1,2024,2023-03-01
182570,Marin County,County,2023,April,04/2023,N,Final,124300,120700,3600,2.9,2024,2023-04-01
182572,Marin County,County,2023,May,05/2023,N,Final,124300,120600,3700,3.0,2024,2023-05-01
182574,Marin County,County,2023,June,06/2023,N,Final,125200,120800,4400,3.5,2024,2023-06-01
182576,Marin County,County,2023,July,07/2023,N,Final,125800,121300,4500,3.5,2024,2023-07-01
182578,Marin County,County,2023,August,08/2023,N,Final,125400,120400,5000,4.0,2024,2023-08-01
182580,Marin County,County,2023,September,09/2023,N,Final,125800,121000,4800,3.8,2024,2023-09-01
182582,Marin County,County,2023,October,10/2023,N,Final,125100,120300,4800,3.8,2024,2023-10-01
182584,Marin County,County,2023,November,11/2023,N,Final,125700,120900,4700,3.8,2024,2023-11-01
182586,Marin County,County,2023,December,12/2023,N,Final,125100,120500,4600,3.7,2024,2023-12-01
195310,Marin County,County,2024,January,01/2024,N,Final,124700,119700,5100,4.1,2024,2024-01-01
195312,Marin County,County,2024,February,02/2024,N,Final,126400,121400,5000,4.0,2024,2024-02-01
195314,Marin County,County,2024,March,03/2024,N,Final,126700,121900,4800,3.8,2024,2024-03-01
195316,Marin County,County,2024,April,04/2024,N,Final,124000,119600,4300,3.5,2024,2024-04-01
195318,Marin County,County,2024,May,05/2024,N,Final,124700,120700,4100,3.3,2024,2024-05-01
195320,Marin County,County,2024,June,06/2024,N,Final,125600,120500,5100,4.1,2024,2024-06-01
195322,Marin County,County,2024,July,07/2024,N,Final,126900,121400,5500,4.3,2024,2024-07-01
195324,Marin County,County,2024,August,08/2024,N,Final,126000,120300,5700,4.5,2024,2024-08-01
195326,Marin County,County,2024,September,09/2024,N,Final,125700,120700,5000,4.0,2024,2024-09-01
195328,Marin County,County,2024,October,10/2024,N,Final,125000,119900,5000,4.0,2024,2024-10-01
195330,Marin County,County,2024,November,11/2024,N,Final,124600,119600,5000,4.0,2024,2024-11-01
195332,Marin County,County,2024,December,12/2024,N,Final,124200,119600,4600,3.7,2024,2024-12-01
207858,Marin County,County,2025,January,01/2025,N,Final,125200,120100,5100,4.1,2024,2025-01-01
208882,Marin County,County,2025,February,02/2025,N,Final,126300,121300,5000,3.9,2024,2025-02-01
209906,Marin County,County,2025,March,03/2025,N,Final,127200,122400,4900,3.8,2024,2025-03-01
210930,Marin County,County,2025,April,04/2025,N,Final,126300,121600,4700,3.7,2024,2025-04-01
211954,Marin County,County,2025,May,05/2025,N,Final,127000,122500,4500,3.6,2024,2025-05-01
213978,Marin County,County,2025,June,06/2025,N,Final,126600,120900,5700,4.5,2024,2025-06-01
213980,Marin County,County,2025,July,07/2025,N,Preliminary,127100,121000,6000,4.8,2024,2025-07-01
145789,Napa County,County,2020,February,02/2020,N,Final,73600,71200,2300,3.2,2024,2020-02-01
145791,Napa County,County,2020,March,03/2020,N,Final,72300,68900,3300,4.6,2024,2020-03-01
145793,Napa County,County,2020,April,04/2020,N,Final,67200,55200,12000,17.9,2024,2020-04-01
145795,Napa County,County,2020,May,05/2020,N,Final,68400,57900,10500,15.4,2024,2020-05-01
145797,Napa County,County,2020,June,06/2020,N,Final,71100,62500,8600,12.1,2024,2020-06-01
145799,Napa County,County,2020,July,07/2020,N,Final,70500,63000,7500,10.6,2024,2020-07-01
145801,Napa County,County,2020,August,08/2020,N,Final,69300,63200,6100,8.8,2024,2020-08-01
145803,Napa County,County,2020,September,09/2020,N,Final,69100,63500,5600,8.2,2024,2020-09-01
145805,Napa County,County,2020,October,10/2020,N,Final,67600,62600,5000,7.4,2024,2020-10-01
145807,Napa County,County,2020,November,11/2020,N,Final,65800,60800,5000,7.5,2024,2020-11-01
145809,Napa County,County,2020,December,12/2020,N,Final,64900,59800,5100,7.9,2024,2020-12-01
158317,Napa County,County,2021,January,01/2021,N,Final,65100,58800,6300,9.6,2024,2021-01-01
158319,Napa County,County,2021,February,02/2021,N,Final,67300,62000,5300,7.9,2024,2021-02-01
158321,Napa County,County,2021,March,03/2021,N,Final,68100,63300,4900,7.1,2024,2021-03-01
158323,Napa County,County,2021,April,04/2021,N,Final,68400,63700,4600,6.8,2024,2021-04-01
158325,Napa County,County,2021,May,05/2021,N,Final,69800,65600,4100,5.9,2024,2021-05-01
158327,Napa County,County,2021,June,06/2021,N,Final,70300,65800,4500,6.4,2024,2021-06-01
158329,Napa County,County,2021,July,07/2021,N,Final,70400,66300,4100,5.9,2024,2021-07-01
158331,Napa County,County,2021,August,08/2021,N,Final,70100,66300,3900,5.5,2024,2021-08-01
158333,Napa County,County,2021,September,09/2021,N,Final,70800,67600,3200,4.6,2024,2021-09-01
158335,Napa County,County,2021,October,10/2021,N,Final,70100,66900,3100,4.5,2024,2021-10-01
158337,Napa County,County,2021,November,11/2021,N,Final,67800,64800,3000,4.4,2024,2021-11-01
158339,Napa County,County,2021,December,12/2021,N,Final,67000,64100,2900,4.3,2024,2021-12-01
170376,Napa County,County,2022,January,01/2022,N,Final,68200,64900,3300,4.8,2024,2022-01-01
170378,Napa County,County,2022,February,02/2022,N,Final,69600,66800,2800,4.1,2024,2022-02-01
170380,Napa County,County,2022,March,03/2022,N,Final,70300,67800,2500,3.5,2024,2022-03-01
170382,Napa County,County,2022,April,04/2022,N,Final,70400,68300,2100,3.0,2024,2022-04-01
170384,Napa County,County,2022,May,05/2022,N,Final,71900,70000,1800,2.6,2024,2022-05-01
170386,Napa County,County,2022,June,06/2022,N,Final,72100,69900,2200,3.0,2024,2022-06-01
170388,Napa County,County,2022,July,07/2022,N,Final,72700,70700,2100,2.9,2024,2022-07-01
170390,Napa County,County,2022,August,08/2022,N,Final,72300,70100,2200,3.0,2024,2022-08-01
170392,Napa County,County,2022,September,09/2022,N,Final,73400,71400,2000,2.7,2024,2022-09-01
170394,Napa County,County,2022,October,10/2022,N,Final,72300,70100,2100,3.0,2024,2022-10-01
170396,Napa County,County,2022,November,11/2022,N,Final,70000,67700,2300,3.3,2024,2022-11-01
170398,Napa County,County,2022,December,12/2022,N,Final,68900,66600,2300,3.3,2024,2022-12-01
182939,Napa County,County,2023,January,01/2023,N,Final,69600,66800,2800,4.0,2024,2023-01-01
182941,Napa County,County,2023,February,02/2023,N,Final,72200,69500,2700,3.7,2024,2023-02-01
182943,Napa County,County,2023,March,03/2023,N,Final,72300,69700,2500,3.5,2024,2023-03-01
183245,Napa County,County,2023,April,04/2023,N,Final,71500,69300,2200,3.1,2024,2023-04-01
183247,Napa County,County,2023,May,05/2023,N,Final,74700,72600,2100,2.8,2024,2023-05-01
183249,Napa County,County,2023,June,06/2023,N,Final,74500,72100,2400,3.2,2024,2023-06-01
183251,Napa County,County,2023,July,07/2023,N,Final,75400,73000,2400,3.2,2024,2023-07-01
183253,Napa County,County,2023,August,08/2023,N,Final,74400,71800,2600,3.5,2024,2023-08-01
183255,Napa County,County,2023,September,09/2023,N,Final,74700,72200,2500,3.3,2024,2023-09-01
183257,Napa County,County,2023,October,10/2023,N,Final,74900,72500,2500,3.3,2024,2023-10-01
183259,Napa County,County,2023,November,11/2023,N,Final,72500,70000,2500,3.4,2024,2023-11-01
183261,Napa County,County,2023,December,12/2023,N,Final,69700,66900,2700,3.9,2024,2023-12-01
194642,Napa County,County,2024,January,01/2024,N,Final,71100,68000,3100,4.4,2024,2024-01-01
194644,Napa County,County,2024,February,02/2024,N,Final,72800,69700,3100,4.3,2024,2024-02-01
194646,Napa County,County,2024,March,03/2024,N,Final,73200,70300,2900,4.0,2024,2024-03-01
194648,Napa County,County,2024,April,04/2024,N,Final,72800,70200,2600,3.6,2024,2024-04-01
194650,Napa County,County,2024,May,05/2024,N,Final,75500,73100,2400,3.1,2024,2024-05-01
194652,Napa County,County,2024,June,06/2024,N,Final,76000,73200,2900,3.8,2024,2024-06-01
194654,Napa County,County,2024,July,07/2024,N,Final,76300,73200,3100,4.0,2024,2024-07-01
194656,Napa County,County,2024,August,08/2024,N,Final,75800,72700,3100,4.1,2024,2024-08-01
194658,Napa County,County,2024,September,09/2024,N,Final,76400,73600,2800,3.7,2024,2024-09-01
194660,Napa County,County,2024,October,10/2024,N,Final,75700,72800,2900,3.8,2024,2024-10-01
194662,Napa County,County,2024,November,11/2024,N,Final,74000,70900,3100,4.1,2024,2024-11-01
194664,Napa County,County,2024,December,12/2024,N,Final,73800,70700,3000,4.1,2024,2024-12-01
207832,Napa County,County,2025,January,01/2025,N,Final,75100,71700,3400,4.5,2024,2025-01-01
208856,Napa County,County,2025,February,02/2025,N,Final,76200,73000,3300,4.3,2024,2025-02-01
209880,Napa County,County,2025,March,03/2025,N,Final,77000,73800,3200,4.1,2024,2025-03-01
210904,Napa County,County,2025,April,04/2025,N,Final,76500,73600,3000,3.9,2024,2025-04-01
211928,Napa County,County,2025,May,05/2025,N,Final,78800,76100,2700,3.5,2024,2025-05-01
213926,Napa County,County,2025,June,06/2025,N,Final,78800,75500,3300,4.2,2024,2025-06-01
213928,Napa County,County,2025,July,07/2025,N,Preliminary,78900,75400,3400,4.4,2024,2025-07-01
146121,San Francisco County,County,2020,February,02/2020,N,Final,545200,532100,13000,2.4,2024,2020-02-01
146122,San Francisco County,County,2020,March,03/2020,N,Final,536300,516300,20000,3.7,2024,2020-03-01
146123,San Francisco County,County,2020,April,04/2020,N,Final,519000,446000,73000,14.1,2024,2020-04-01
146124,San Francisco County,County,2020,May,05/2020,N,Final,511000,440100,70900,13.9,2024,2020-05-01
146125,San Francisco County,County,2020,June,06/2020,N,Final,521900,455700,66200,12.7,2024,2020-06-01
146126,San Francisco County,County,2020,July,07/2020,N,Final,521400,460100,61300,11.8,2024,2020-07-01
146127,San Francisco County,County,2020,August,08/2020,N,Final,514300,463900,50500,9.8,2024,2020-08-01
146128,San Francisco County,County,2020,September,09/2020,N,Final,511500,463200,48300,9.5,2024,2020-09-01
146129,San Francisco County,County,2020,October,10/2020,N,Final,504500,463900,40600,8.0,2024,2020-10-01
146130,San Francisco County,County,2020,November,11/2020,N,Final,499200,462000,37200,7.4,2024,2020-11-01
146131,San Francisco County,County,2020,December,12/2020,N,Final,499700,464000,35600,7.1,2024,2020-12-01
158007,San Francisco County,County,2021,January,01/2021,N,Final,486000,451500,34500,7.1,2024,2021-01-01
158008,San Francisco County,County,2021,February,02/2021,N,Final,488100,455600,32600,6.7,2024,2021-02-01
158009,San Francisco County,County,2021,March,03/2021,N,Final,489600,458400,31200,6.4,2024,2021-03-01
158010,San Francisco County,County,2021,April,04/2021,N,Final,487100,455800,31300,6.4,2024,2021-04-01
158011,San Francisco County,County,2021,May,05/2021,N,Final,489200,460600,28600,5.8,2024,2021-05-01
158012,San Francisco County,County,2021,June,06/2021,N,Final,494100,462600,31500,6.4,2024,2021-06-01
158013,San Francisco County,County,2021,July,07/2021,N,Final,501800,472700,29100,5.8,2024,2021-07-01
158014,San Francisco County,County,2021,August,08/2021,N,Final,502200,474800,27400,5.5,2024,2021-08-01
158015,San Francisco County,County,2021,September,09/2021,N,Final,503600,480800,22900,4.5,2024,2021-09-01
158016,San Francisco County,County,2021,October,10/2021,N,Final,505700,484100,21600,4.3,2024,2021-10-01
158017,San Francisco County,County,2021,November,11/2021,N,Final,507200,487900,19300,3.8,2024,2021-11-01
158018,San Francisco County,County,2021,December,12/2021,N,Final,510100,492800,17300,3.4,2024,2021-12-01
170705,San Francisco County,County,2022,January,01/2022,N,Final,512100,492600,19500,3.8,2024,2022-01-01
170706,San Francisco County,County,2022,February,02/2022,N,Final,514600,497400,17200,3.3,2024,2022-02-01
170707,San Francisco County,County,2022,March,03/2022,N,Final,516900,501700,15200,2.9,2024,2022-03-01
170708,San Francisco County,County,2022,April,04/2022,N,Final,511500,498500,13000,2.5,2024,2022-04-01
170709,San Francisco County,County,2022,May,05/2022,N,Final,515200,503500,11800,2.3,2024,2022-05-01
170710,San Francisco County,County,2022,June,06/2022,N,Final,518000,504100,13900,2.7,2024,2022-06-01
170711,San Francisco County,County,2022,July,07/2022,N,Final,521100,507300,13700,2.6,2024,2022-07-01
170712,San Francisco County,County,2022,August,08/2022,N,Final,519900,505400,14500,2.8,2024,2022-08-01
170713,San Francisco County,County,2022,September,09/2022,N,Final,519700,506900,12800,2.5,2024,2022-09-01
170714,San Francisco County,County,2022,October,10/2022,N,Final,518500,505000,13500,2.6,2024,2022-10-01
170715,San Francisco County,County,2022,November,11/2022,N,Final,519300,505600,13700,2.6,2024,2022-11-01
170716,San Francisco County,County,2022,December,12/2022,N,Final,518900,506100,12800,2.5,2024,2022-12-01
182611,San Francisco County,County,2023,January,01/2023,N,Final,519500,503700,15700,3.0,2024,2023-01-01
182612,San Francisco County,County,2023,February,02/2023,N,Final,522000,505700,16300,3.1,2024,2023-02-01
182613,San Francisco County,County,2023,March,03/2023,N,Final,524100,507900,16200,3.1,2024,2023-03-01
182614,San Francisco County,County,2023,April,04/2023,N,Final,516700,502100,14600,2.8,2024,2023-04-01
182615,San Francisco County,County,2023,May,05/2023,N,Final,515800,500000,15700,3.0,2024,2023-05-01
182616,San Francisco County,County,2023,June,06/2023,N,Final,514400,496700,17700,3.4,2024,2023-06-01
182617,San Francisco County,County,2023,July,07/2023,N,Final,519300,500600,18700,3.6,2024,2023-07-01
182618,San Francisco County,County,2023,August,08/2023,N,Final,516900,496400,20400,4.0,2024,2023-08-01
182619,San Francisco County,County,2023,September,09/2023,N,Final,516500,497500,19000,3.7,2024,2023-09-01
182620,San Francisco County,County,2023,October,10/2023,N,Final,514100,494500,19600,3.8,2024,2023-10-01
182621,San Francisco County,County,2023,November,11/2023,N,Final,515100,495900,19200,3.7,2024,2023-11-01
182622,San Francisco County,County,2023,December,12/2023,N,Final,512100,493500,18700,3.6,2024,2023-12-01
195282,San Francisco County,County,2024,January,01/2024,N,Final,510100,489500,20500,4.0,2024,2024-01-01
195283,San Francisco County,County,2024,February,02/2024,N,Final,512200,492400,19900,3.9,2024,2024-02-01
195284,San Francisco County,County,2024,March,03/2024,N,Final,513800,494300,19500,3.8,2024,2024-03-01
195015,San Francisco County,County,2024,April,04/2024,N,Final,506300,488500,17800,3.5,2024,2024-04-01
195016,San Francisco County,County,2024,May,05/2024,N,Final,506400,489300,17100,3.4,2024,2024-05-01
195017,San Francisco County,County,2024,June,06/2024,N,Final,507900,488100,19800,3.9,2024,2024-06-01
195018,San Francisco County,County,2024,July,07/2024,N,Final,513900,491900,22000,4.3,2024,2024-07-01
195019,San Francisco County,County,2024,August,08/2024,N,Final,511100,488800,22300,4.4,2024,2024-08-01
195020,San Francisco County,County,2024,September,09/2024,N,Final,512800,493200,19600,3.8,2024,2024-09-01
195021,San Francisco County,County,2024,October,10/2024,N,Final,511700,491700,20000,3.9,2024,2024-10-01
195022,San Francisco County,County,2024,November,11/2024,N,Final,509200,488900,20200,4.0,2024,2024-11-01
195023,San Francisco County,County,2024,December,12/2024,N,Final,509200,490300,19000,3.7,2024,2024-12-01
207851,San Francisco County,County,2025,January,01/2025,N,Final,509900,489200,20700,4.1,2024,2025-01-01
208875,San Francisco County,County,2025,February,02/2025,N,Final,511800,491900,19800,3.9,2024,2025-02-01
209899,San Francisco County,County,2025,March,03/2025,N,Final,515700,496200,19500,3.8,2024,2025-03-01
210923,San Francisco County,County,2025,April,04/2025,N,Final,511400,492900,18500,3.6,2024,2025-04-01
211947,San Francisco County,County,2025,May,05/2025,N,Final,511200,492700,18500,3.6,2024,2025-05-01
213965,San Francisco County,County,2025,June,06/2025,N,Final,510200,488600,21600,4.2,2024,2025-06-01
213966,San Francisco County,County,2025,July,07/2025,N,Preliminary,514200,491700,22500,4.4,2024,2025-07-01
145626,San Mateo County,County,2020,February,02/2020,N,Final,435300,425700,9600,2.2,2024,2020-02-01
145627,San Mateo County,County,2020,March,03/2020,N,Final,427200,412900,14300,3.3,2024,2020-03-01
145628,San Mateo County,County,2020,April,04/2020,N,Final,408000,356800,51200,12.5,2024,2020-04-01
145629,San Mateo County,County,2020,May,05/2020,N,Final,400600,352100,48500,12.1,2024,2020-05-01
145630,San Mateo County,County,2020,June,06/2020,N,Final,409400,364600,44800,10.9,2024,2020-06-01
145631,San Mateo County,County,2020,July,07/2020,N,Final,408600,368100,40500,9.9,2024,2020-07-01
145632,San Mateo County,County,2020,August,08/2020,N,Final,404700,371100,33600,8.3,2024,2020-08-01
145633,San Mateo County,County,2020,September,09/2020,N,Final,402600,370600,32000,8.0,2024,2020-09-01
145634,San Mateo County,County,2020,October,10/2020,N,Final,398700,371200,27500,6.9,2024,2020-10-01
145635,San Mateo County,County,2020,November,11/2020,N,Final,395700,369600,26000,6.6,2024,2020-11-01
145636,San Mateo County,County,2020,December,12/2020,N,Final,396400,371300,25100,6.3,2024,2020-12-01
158525,San Mateo County,County,2021,January,01/2021,N,Final,400400,375500,24900,6.2,2024,2021-01-01
158526,San Mateo County,County,2021,February,02/2021,N,Final,402700,378900,23800,5.9,2024,2021-02-01
158527,San Mateo County,County,2021,March,03/2021,N,Final,403900,381200,22700,5.6,2024,2021-03-01
158528,San Mateo County,County,2021,April,04/2021,N,Final,401400,379100,22400,5.6,2024,2021-04-01
158529,San Mateo County,County,2021,May,05/2021,N,Final,403500,383100,20400,5.1,2024,2021-05-01
158530,San Mateo County,County,2021,June,06/2021,N,Final,407300,384700,22600,5.5,2024,2021-06-01
158531,San Mateo County,County,2021,July,07/2021,N,Final,414300,393100,21200,5.1,2024,2021-07-01
158532,San Mateo County,County,2021,August,08/2021,N,Final,415000,394800,20200,4.9,2024,2021-08-01
158533,San Mateo County,County,2021,September,09/2021,N,Final,416600,399700,16900,4.1,2024,2021-09-01
158534,San Mateo County,County,2021,October,10/2021,N,Final,418600,402500,16100,3.8,2024,2021-10-01
158535,San Mateo County,County,2021,November,11/2021,N,Final,420000,405700,14300,3.4,2024,2021-11-01
158536,San Mateo County,County,2021,December,12/2021,N,Final,422800,409800,13000,3.1,2024,2021-12-01
170164,San Mateo County,County,2022,January,01/2022,N,Final,420500,406100,14400,3.4,2024,2022-01-01
170165,San Mateo County,County,2022,February,02/2022,N,Final,423000,410100,12900,3.0,2024,2022-02-01
170166,San Mateo County,County,2022,March,03/2022,N,Final,425100,413600,11500,2.7,2024,2022-03-01
170167,San Mateo County,County,2022,April,04/2022,N,Final,420900,411000,9900,2.4,2024,2022-04-01
170168,San Mateo County,County,2022,May,05/2022,N,Final,424000,415000,9000,2.1,2024,2022-05-01
170169,San Mateo County,County,2022,June,06/2022,N,Final,426400,415600,10900,2.5,2024,2022-06-01
170170,San Mateo County,County,2022,July,07/2022,N,Final,428800,418300,10600,2.5,2024,2022-07-01
170171,San Mateo County,County,2022,August,08/2022,N,Final,427700,416600,11100,2.6,2024,2022-08-01
170172,San Mateo County,County,2022,September,09/2022,N,Final,427700,417800,9900,2.3,2024,2022-09-01
170173,San Mateo County,County,2022,October,10/2022,N,Final,426600,416300,10300,2.4,2024,2022-10-01
170174,San Mateo County,County,2022,November,11/2022,N,Final,427400,416800,10600,2.5,2024,2022-11-01
170175,San Mateo County,County,2022,December,12/2022,N,Final,426900,417200,9700,2.3,2024,2022-12-01
183136,San Mateo County,County,2023,January,01/2023,N,Final,424800,413000,11800,2.8,2024,2023-01-01
183137,San Mateo County,County,2023,February,02/2023,N,Final,427000,414700,12300,2.9,2024,2023-02-01
183138,San Mateo County,County,2023,March,03/2023,N,Final,428500,416500,12000,2.8,2024,2023-03-01
183139,San Mateo County,County,2023,April,04/2023,N,Final,422500,411700,10800,2.6,2024,2023-04-01
183140,San Mateo County,County,2023,May,05/2023,N,Final,421500,410000,11400,2.7,2024,2023-05-01
183141,San Mateo County,County,2023,June,06/2023,N,Final,420600,407300,13300,3.2,2024,2023-06-01
183142,San Mateo County,County,2023,July,07/2023,N,Final,424200,410500,13700,3.2,2024,2023-07-01
183143,San Mateo County,County,2023,August,08/2023,N,Final,422200,407100,15100,3.6,2024,2023-08-01
183144,San Mateo County,County,2023,September,09/2023,N,Final,422200,407900,14300,3.4,2024,2023-09-01
183145,San Mateo County,County,2023,October,10/2023,N,Final,420000,405500,14500,3.4,2024,2023-10-01
183146,San Mateo County,County,2023,November,11/2023,N,Final,420900,406700,14200,3.4,2024,2023-11-01
183147,San Mateo County,County,2023,December,12/2023,N,Final,418400,404700,13800,3.3,2024,2023-12-01
194752,San Mateo County,County,2024,January,01/2024,N,Final,416600,401400,15200,3.7,2024,2024-01-01
194753,San Mateo County,County,2024,February,02/2024,N,Final,418800,403700,15200,3.6,2024,2024-02-01
194754,San Mateo County,County,2024,March,03/2024,N,Final,419800,405200,14600,3.5,2024,2024-03-01
194755,San Mateo County,County,2024,April,04/2024,N,Final,413900,400500,13400,3.2,2024,2024-04-01
194756,San Mateo County,County,2024,May,05/2024,N,Final,414000,401100,12800,3.1,2024,2024-05-01
194757,San Mateo County,County,2024,June,06/2024,N,Final,415600,400100,15500,3.7,2024,2024-06-01
194758,San Mateo County,County,2024,July,07/2024,N,Final,420200,403300,16900,4.0,2024,2024-07-01
194759,San Mateo County,County,2024,August,08/2024,N,Final,417900,400700,17200,4.1,2024,2024-08-01
194760,San Mateo County,County,2024,September,09/2024,N,Final,419500,404400,15200,3.6,2024,2024-09-01
194761,San Mateo County,County,2024,October,10/2024,N,Final,418700,403200,15500,3.7,2024,2024-10-01
194762,San Mateo County,County,2024,November,11/2024,N,Final,416500,400900,15700,3.8,2024,2024-11-01
194763,San Mateo County,County,2024,December,12/2024,N,Final,416500,402000,14500,3.5,2024,2024-12-01
207856,San Mateo County,County,2025,January,01/2025,N,Final,417000,401100,15900,3.8,2024,2025-01-01
208880,San Mateo County,County,2025,February,02/2025,N,Final,418800,403400,15400,3.7,2024,2025-02-01
209904,San Mateo County,County,2025,March,03/2025,N,Final,421900,406800,15000,3.6,2024,2025-03-01
210928,San Mateo County,County,2025,April,04/2025,N,Final,418600,404100,14500,3.5,2024,2025-04-01
211952,San Mateo County,County,2025,May,05/2025,N,Final,418100,403900,14200,3.4,2024,2025-05-01
213975,San Mateo County,County,2025,June,06/2025,N,Final,417900,400700,17300,4.1,2024,2025-06-01
213976,San Mateo County,County,2025,July,07/2025,N,Preliminary,421200,403100,18100,4.3,2024,2025-07-01
146133,Santa Clara County,County,2020,February,02/2020,N,Final,1040700,1013700,27100,2.6,2024,2020-02-01
146134,Santa Clara County,County,2020,March,03/2020,N,Final,1023100,983600,39500,3.9,2024,2020-03-01
146135,Santa Clara County,County,2020,April,04/2020,N,Final,994600,869800,124900,12.6,2024,2020-04-01
146136,Santa Clara County,County,2020,May,05/2020,N,Final,981800,866600,115200,11.7,2024,2020-05-01
146137,Santa Clara County,County,2020,June,06/2020,N,Final,1005200,900700,104500,10.4,2024,2020-06-01
146138,Santa Clara County,County,2020,July,07/2020,N,Final,1005600,909900,95700,9.5,2024,2020-07-01
146139,Santa Clara County,County,2020,August,08/2020,N,Final,998300,919800,78500,7.9,2024,2020-08-01
146140,Santa Clara County,County,2020,September,09/2020,N,Final,993000,918800,74200,7.5,2024,2020-09-01
146141,Santa Clara County,County,2020,October,10/2020,N,Final,986400,922000,64400,6.5,2024,2020-10-01
146142,Santa Clara County,County,2020,November,11/2020,N,Final,981500,919900,61600,6.3,2024,2020-11-01
146143,Santa Clara County,County,2020,December,12/2020,N,Final,981800,920800,61000,6.2,2024,2020-12-01
157998,Santa Clara County,County,2021,January,01/2021,N,Final,976600,916300,60300,6.2,2024,2021-01-01
157999,Santa Clara County,County,2021,February,02/2021,N,Final,982400,923800,58500,6.0,2024,2021-02-01
158000,Santa Clara County,County,2021,March,03/2021,N,Final,982700,926800,55800,5.7,2024,2021-03-01
158001,Santa Clara County,County,2021,April,04/2021,N,Final,975600,921300,54200,5.6,2024,2021-04-01
158002,Santa Clara County,County,2021,May,05/2021,N,Final,978200,928800,49500,5.1,2024,2021-05-01
158003,Santa Clara County,County,2021,June,06/2021,N,Final,984300,929100,55200,5.6,2024,2021-06-01
158004,Santa Clara County,County,2021,July,07/2021,N,Final,994500,942400,52000,5.2,2024,2021-07-01
158005,Santa Clara County,County,2021,August,08/2021,N,Final,993400,943700,49700,5.0,2024,2021-08-01
158006,Santa Clara County,County,2021,September,09/2021,N,Final,993800,952300,41500,4.2,2024,2021-09-01
158184,Santa Clara County,County,2021,October,10/2021,N,Final,992300,952500,39700,4.0,2024,2021-10-01
158185,Santa Clara County,County,2021,November,11/2021,N,Final,996200,960600,35600,3.6,2024,2021-11-01
158186,Santa Clara County,County,2021,December,12/2021,N,Final,997700,965500,32200,3.2,2024,2021-12-01
170512,Santa Clara County,County,2022,January,01/2022,N,Final,997800,961600,36200,3.6,2024,2022-01-01
170513,Santa Clara County,County,2022,February,02/2022,N,Final,1002500,969700,32700,3.3,2024,2022-02-01
170514,Santa Clara County,County,2022,March,03/2022,N,Final,1006700,977400,29300,2.9,2024,2022-03-01
170515,Santa Clara County,County,2022,April,04/2022,N,Final,997500,972100,25500,2.6,2024,2022-04-01
170516,Santa Clara County,County,2022,May,05/2022,N,Final,1003400,980400,23100,2.3,2024,2022-05-01
170517,Santa Clara County,County,2022,June,06/2022,N,Final,1006200,977900,28200,2.8,2024,2022-06-01
170518,Santa Clara County,County,2022,July,07/2022,N,Final,1014100,986400,27700,2.7,2024,2022-07-01
170519,Santa Clara County,County,2022,August,08/2022,N,Final,1015100,986400,28700,2.8,2024,2022-08-01
170520,Santa Clara County,County,2022,September,09/2022,N,Final,1015200,989700,25600,2.5,2024,2022-09-01
170521,Santa Clara County,County,2022,October,10/2022,N,Final,1018200,991300,26800,2.6,2024,2022-10-01
170522,Santa Clara County,County,2022,November,11/2022,N,Final,1017400,989800,27600,2.7,2024,2022-11-01
170523,Santa Clara County,County,2022,December,12/2022,N,Final,1016400,991200,25200,2.5,2024,2022-12-01
182806,Santa Clara County,County,2023,January,01/2023,N,Final,1017400,986400,31100,3.1,2024,2023-01-01
182807,Santa Clara County,County,2023,February,02/2023,N,Final,1025100,992400,32700,3.2,2024,2023-02-01
182808,Santa Clara County,County,2023,March,03/2023,N,Final,1028600,996000,32600,3.2,2024,2023-03-01
182809,Santa Clara County,County,2023,April,04/2023,N,Final,1015900,986000,29900,2.9,2024,2023-04-01
182810,Santa Clara County,County,2023,May,05/2023,N,Final,1014800,983100,31700,3.1,2024,2023-05-01
182811,Santa Clara County,County,2023,June,06/2023,N,Final,1014300,977000,37300,3.7,2024,2023-06-01
182812,Santa Clara County,County,2023,July,07/2023,N,Final,1027100,989100,38100,3.7,2024,2023-07-01
182813,Santa Clara County,County,2023,August,08/2023,N,Final,1027300,985600,41800,4.1,2024,2023-08-01
182814,Santa Clara County,County,2023,September,09/2023,N,Final,1026600,987000,39600,3.9,2024,2023-09-01
182815,Santa Clara County,County,2023,October,10/2023,N,Final,1024500,983900,40700,4.0,2024,2023-10-01
182816,Santa Clara County,County,2023,November,11/2023,N,Final,1024000,984200,39800,3.9,2024,2023-11-01
182817,Santa Clara County,County,2023,December,12/2023,N,Final,1017400,978500,38900,3.8,2024,2023-12-01
195096,Santa Clara County,County,2024,January,01/2024,N,Final,1019300,976700,42600,4.2,2024,2024-01-01
195097,Santa Clara County,County,2024,February,02/2024,N,Final,1023800,981000,42800,4.2,2024,2024-02-01
195098,Santa Clara County,County,2024,March,03/2024,N,Final,1025100,983900,41200,4.0,2024,2024-03-01
195099,Santa Clara County,County,2024,April,04/2024,N,Final,1014800,977000,37800,3.7,2024,2024-04-01
195100,Santa Clara County,County,2024,May,05/2024,N,Final,1014400,978200,36200,3.6,2024,2024-05-01
195101,Santa Clara County,County,2024,June,06/2024,N,Final,1021100,977300,43800,4.3,2024,2024-06-01
195102,Santa Clara County,County,2024,July,07/2024,N,Final,1031700,984400,47300,4.6,2024,2024-07-01
195103,Santa Clara County,County,2024,August,08/2024,N,Final,1028500,981200,47300,4.6,2024,2024-08-01
195104,Santa Clara County,County,2024,September,09/2024,N,Final,1027200,985000,42200,4.1,2024,2024-09-01
195105,Santa Clara County,County,2024,October,10/2024,N,Final,1027300,984300,43000,4.2,2024,2024-10-01
195106,Santa Clara County,County,2024,November,11/2024,N,Final,1023500,980500,43000,4.2,2024,2024-11-01
195107,Santa Clara County,County,2024,December,12/2024,N,Final,1021300,981400,39800,3.9,2024,2024-12-01
207859,Santa Clara County,County,2025,January,01/2025,N,Final,1024100,980700,43500,4.2,2024,2025-01-01
208883,Santa Clara County,County,2025,February,02/2025,N,Final,1026600,984200,42400,4.1,2024,2025-02-01
209907,Santa Clara County,County,2025,March,03/2025,N,Final,1035200,994000,41200,4.0,2024,2025-03-01
210931,Santa Clara County,County,2025,April,04/2025,N,Final,1028600,989000,39700,3.9,2024,2025-04-01
211955,Santa Clara County,County,2025,May,05/2025,N,Final,1027800,988900,39000,3.8,2024,2025-05-01
213981,Santa Clara County,County,2025,June,06/2025,N,Final,1029600,982100,47600,4.6,2024,2025-06-01
213982,Santa Clara County,County,2025,July,07/2025,N,Preliminary,1035300,985500,49700,4.8,2024,2025-07-01
146147,Solano County,County,2020,February,02/2020,N,Final,216600,208400,8200,3.8,2024,2020-02-01
146149,Solano County,County,2020,March,03/2020,N,Final,214900,203000,12000,5.6,2024,2020-03-01
146151,Solano County,County,2020,April,04/2020,N,Final,208700,176500,32200,15.4,2024,2020-04-01
146153,Solano County,County,2020,May,05/2020,N,Final,204800,175400,29300,14.3,2024,2020-05-01
146155,Solano County,County,2020,June,06/2020,N,Final,210800,184800,26100,12.4,2024,2020-06-01
146157,Solano County,County,2020,July,07/2020,N,Final,211400,186600,24800,11.7,2024,2020-07-01
146159,Solano County,County,2020,August,08/2020,N,Final,209000,187900,21000,10.1,2024,2020-08-01
146161,Solano County,County,2020,September,09/2020,N,Final,208100,187800,20200,9.7,2024,2020-09-01
146163,Solano County,County,2020,October,10/2020,N,Final,207200,189100,18100,8.7,2024,2020-10-01
145910,Solano County,County,2020,November,11/2020,N,Final,206300,188500,17700,8.6,2024,2020-11-01
145912,Solano County,County,2020,December,12/2020,N,Final,206400,188500,18000,8.7,2024,2020-12-01
158188,Solano County,County,2021,January,01/2021,N,Final,206300,187900,18400,8.9,2024,2021-01-01
158190,Solano County,County,2021,February,02/2021,N,Final,206500,188600,17900,8.7,2024,2021-02-01
158192,Solano County,County,2021,March,03/2021,N,Final,207100,190000,17100,8.3,2024,2021-03-01
158194,Solano County,County,2021,April,04/2021,N,Final,206500,190000,16600,8.0,2024,2021-04-01
158196,Solano County,County,2021,May,05/2021,N,Final,206700,191500,15200,7.3,2024,2021-05-01
158198,Solano County,County,2021,June,06/2021,N,Final,208800,191900,16900,8.1,2024,2021-06-01
158200,Solano County,County,2021,July,07/2021,N,Final,209600,193700,15900,7.6,2024,2021-07-01
158202,Solano County,County,2021,August,08/2021,N,Final,209200,194100,15100,7.2,2024,2021-08-01
158204,Solano County,County,2021,September,09/2021,N,Final,209200,196300,12900,6.2,2024,2021-09-01
158206,Solano County,County,2021,October,10/2021,N,Final,209500,197200,12300,5.9,2024,2021-10-01
158208,Solano County,County,2021,November,11/2021,N,Final,209700,198400,11300,5.4,2024,2021-11-01
158210,Solano County,County,2021,December,12/2021,N,Final,209000,198500,10500,5.0,2024,2021-12-01
170489,Solano County,County,2022,January,01/2022,N,Final,208900,197100,11800,5.7,2024,2022-01-01
170491,Solano County,County,2022,February,02/2022,N,Final,209900,199400,10500,5.0,2024,2022-02-01
170493,Solano County,County,2022,March,03/2022,N,Final,210700,201400,9300,4.4,2024,2022-03-01
170495,Solano County,County,2022,April,04/2022,N,Final,208100,200100,8100,3.9,2024,2022-04-01
170497,Solano County,County,2022,May,05/2022,N,Final,209400,202200,7200,3.4,2024,2022-05-01
170499,Solano County,County,2022,June,06/2022,N,Final,209700,201400,8300,3.9,2024,2022-06-01
170501,Solano County,County,2022,July,07/2022,N,Final,210800,202600,8200,3.9,2024,2022-07-01
170503,Solano County,County,2022,August,08/2022,N,Final,210500,202000,8500,4.0,2024,2022-08-01
170505,Solano County,County,2022,September,09/2022,N,Final,210600,203000,7600,3.6,2024,2022-09-01
170507,Solano County,County,2022,October,10/2022,N,Final,209400,201300,8000,3.8,2024,2022-10-01
170509,Solano County,County,2022,November,11/2022,N,Final,208700,200300,8400,4.0,2024,2022-11-01
170511,Solano County,County,2022,December,12/2022,N,Final,209400,201400,8000,3.8,2024,2022-12-01
182819,Solano County,County,2023,January,01/2023,N,Final,209300,199600,9600,4.6,2024,2023-01-01
182821,Solano County,County,2023,February,02/2023,N,Final,212600,202900,9700,4.6,2024,2023-02-01
182823,Solano County,County,2023,March,03/2023,N,Final,212600,203000,9600,4.5,2024,2023-03-01
182825,Solano County,County,2023,April,04/2023,N,Final,210600,202400,8200,3.9,2024,2023-04-01
182827,Solano County,County,2023,May,05/2023,N,Final,211600,203400,8200,3.9,2024,2023-05-01
182829,Solano County,County,2023,June,06/2023,N,Final,212400,203200,9200,4.3,2024,2023-06-01
182831,Solano County,County,2023,July,07/2023,N,Final,214800,205400,9400,4.4,2024,2023-07-01
182833,Solano County,County,2023,August,08/2023,N,Final,215900,205800,10100,4.7,2024,2023-08-01
182835,Solano County,County,2023,September,09/2023,N,Final,217300,207800,9400,4.3,2024,2023-09-01
182837,Solano County,County,2023,October,10/2023,N,Final,216900,207200,9700,4.5,2024,2023-10-01
182839,Solano County,County,2023,November,11/2023,N,Final,217100,207400,9700,4.5,2024,2023-11-01
182841,Solano County,County,2023,December,12/2023,N,Final,216700,206800,9900,4.6,2024,2023-12-01
195073,Solano County,County,2024,January,01/2024,N,Final,215000,204000,11000,5.1,2024,2024-01-01
195075,Solano County,County,2024,February,02/2024,N,Final,216300,205200,11100,5.1,2024,2024-02-01
195077,Solano County,County,2024,March,03/2024,N,Final,217700,207000,10700,4.9,2024,2024-03-01
195079,Solano County,County,2024,April,04/2024,N,Final,215200,205500,9700,4.5,2024,2024-04-01
195081,Solano County,County,2024,May,05/2024,N,Final,215100,205800,9300,4.3,2024,2024-05-01
195083,Solano County,County,2024,June,06/2024,N,Final,216300,205400,10900,5.0,2024,2024-06-01
195085,Solano County,County,2024,July,07/2024,N,Final,217300,205500,11800,5.4,2024,2024-07-01
195087,Solano County,County,2024,August,08/2024,N,Final,217100,205300,11800,5.4,2024,2024-08-01
195089,Solano County,County,2024,September,09/2024,N,Final,217700,207200,10600,4.9,2024,2024-09-01
195091,Solano County,County,2024,October,10/2024,N,Final,216600,205800,10800,5.0,2024,2024-10-01
195093,Solano County,County,2024,November,11/2024,N,Final,216300,205200,11100,5.1,2024,2024-11-01
195095,Solano County,County,2024,December,12/2024,N,Final,215600,205000,10600,4.9,2024,2024-12-01
207875,Solano County,County,2025,January,01/2025,N,Final,217300,205600,11700,5.4,2024,2025-01-01
208899,Solano County,County,2025,February,02/2025,N,Final,217900,206600,11300,5.2,2024,2025-02-01
209923,Solano County,County,2025,March,03/2025,N,Final,219300,208100,11200,5.1,2024,2025-03-01
210947,Solano County,County,2025,April,04/2025,N,Final,217900,207300,10600,4.9,2024,2025-04-01
211971,Solano County,County,2025,May,05/2025,N,Final,217600,207300,10300,4.7,2024,2025-05-01
214012,Solano County,County,2025,June,06/2025,N,Final,217100,204900,12200,5.6,2024,2025-06-01
214014,Solano County,County,2025,July,07/2025,N,Preliminary,217100,204200,12900,5.9,2024,2025-07-01
145861,Sonoma County,County,2020,February,02/2020,N,Final,255900,248700,7200,2.8,2024,2020-02-01
145863,Sonoma County,County,2020,March,03/2020,N,Final,252400,241800,10600,4.2,2024,2020-03-01
145865,Sonoma County,County,2020,April,04/2020,N,Final,240600,202700,37800,15.7,2024,2020-04-01
145867,Sonoma County,County,2020,May,05/2020,N,Final,236700,204000,32700,13.8,2024,2020-05-01
145869,Sonoma County,County,2020,June,06/2020,N,Final,244600,216700,27900,11.4,2024,2020-06-01
145871,Sonoma County,County,2020,July,07/2020,N,Final,243900,219100,24800,10.2,2024,2020-07-01
145873,Sonoma County,County,2020,August,08/2020,N,Final,242500,222300,20200,8.3,2024,2020-08-01
145875,Sonoma County,County,2020,September,09/2020,N,Final,242000,223100,18900,7.8,2024,2020-09-01
145877,Sonoma County,County,2020,October,10/2020,N,Final,238600,222100,16500,6.9,2024,2020-10-01
145879,Sonoma County,County,2020,November,11/2020,N,Final,236100,220100,16000,6.8,2024,2020-11-01
145881,Sonoma County,County,2020,December,12/2020,N,Final,236500,220600,16000,6.8,2024,2020-12-01
158236,Sonoma County,County,2021,January,01/2021,N,Final,235200,217500,17800,7.5,2024,2021-01-01
158238,Sonoma County,County,2021,February,02/2021,N,Final,237900,221400,16500,6.9,2024,2021-02-01
158240,Sonoma County,County,2021,March,03/2021,N,Final,239300,223700,15600,6.5,2024,2021-03-01
158242,Sonoma County,County,2021,April,04/2021,N,Final,238200,223300,14800,6.2,2024,2021-04-01
158244,Sonoma County,County,2021,May,05/2021,N,Final,239500,226100,13400,5.6,2024,2021-05-01
158246,Sonoma County,County,2021,June,06/2021,N,Final,240600,225600,15000,6.2,2024,2021-06-01
158248,Sonoma County,County,2021,July,07/2021,N,Final,243500,229400,14100,5.8,2024,2021-07-01
158250,Sonoma County,County,2021,August,08/2021,N,Final,243900,230500,13400,5.5,2024,2021-08-01
158252,Sonoma County,County,2021,September,09/2021,N,Final,245500,234200,11300,4.6,2024,2021-09-01
158254,Sonoma County,County,2021,October,10/2021,N,Final,243400,232600,10800,4.4,2024,2021-10-01
158256,Sonoma County,County,2021,November,11/2021,N,Final,242200,232300,9800,4.1,2024,2021-11-01
158258,Sonoma County,County,2021,December,12/2021,N,Final,241900,232900,9100,3.8,2024,2021-12-01
170441,Sonoma County,County,2022,January,01/2022,N,Final,241300,230800,10500,4.3,2024,2022-01-01
170443,Sonoma County,County,2022,February,02/2022,N,Final,243300,234100,9200,3.8,2024,2022-02-01
170445,Sonoma County,County,2022,March,03/2022,N,Final,245200,236900,8300,3.4,2024,2022-03-01
170447,Sonoma County,County,2022,April,04/2022,N,Final,242900,235700,7200,3.0,2024,2022-04-01
170449,Sonoma County,County,2022,May,05/2022,N,Final,244500,238000,6500,2.7,2024,2022-05-01
170451,Sonoma County,County,2022,June,06/2022,N,Final,245400,237700,7700,3.1,2024,2022-06-01
170453,Sonoma County,County,2022,July,07/2022,N,Final,245200,237600,7600,3.1,2024,2022-07-01
170455,Sonoma County,County,2022,August,08/2022,N,Final,246400,238500,7900,3.2,2024,2022-08-01
170457,Sonoma County,County,2022,September,09/2022,N,Final,246900,239900,7000,2.8,2024,2022-09-01
170459,Sonoma County,County,2022,October,10/2022,N,Final,246200,238900,7300,3.0,2024,2022-10-01
170461,Sonoma County,County,2022,November,11/2022,N,Final,243600,235900,7700,3.1,2024,2022-11-01
170463,Sonoma County,County,2022,December,12/2022,N,Final,243400,236200,7200,2.9,2024,2022-12-01
182867,Sonoma County,County,2023,January,01/2023,N,Final,241700,232800,8900,3.7,2024,2023-01-01
182869,Sonoma County,County,2023,February,02/2023,N,Final,246100,237200,8900,3.6,2024,2023-02-01
182871,Sonoma County,County,2023,March,03/2023,N,Final,246900,238100,8700,3.5,2024,2023-03-01
182873,Sonoma County,County,2023,April,04/2023,N,Final,244300,236800,7500,3.1,2024,2023-04-01
182875,Sonoma County,County,2023,May,05/2023,N,Final,246600,238800,7800,3.1,2024,2023-05-01
182877,Sonoma County,County,2023,June,06/2023,N,Final,246800,237900,8900,3.6,2024,2023-06-01
182879,Sonoma County,County,2023,July,07/2023,N,Final,248600,239400,9200,3.7,2024,2023-07-01
182881,Sonoma County,County,2023,August,08/2023,N,Final,248800,239200,9600,3.9,2024,2023-08-01
182883,Sonoma County,County,2023,September,09/2023,N,Final,250100,241000,9100,3.6,2024,2023-09-01
182885,Sonoma County,County,2023,October,10/2023,N,Final,248300,239100,9300,3.7,2024,2023-10-01
182887,Sonoma County,County,2023,November,11/2023,N,Final,246800,237700,9100,3.7,2024,2023-11-01
182889,Sonoma County,County,2023,December,12/2023,N,Final,244700,235600,9100,3.7,2024,2023-12-01
195025,Sonoma County,County,2024,January,01/2024,N,Final,244200,233600,10700,4.4,2024,2024-01-01
195027,Sonoma County,County,2024,February,02/2024,N,Final,247200,236700,10600,4.3,2024,2024-02-01
195029,Sonoma County,County,2024,March,03/2024,N,Final,248200,238100,10100,4.1,2024,2024-03-01
195031,Sonoma County,County,2024,April,04/2024,N,Final,245100,236000,9100,3.7,2024,2024-04-01
195033,Sonoma County,County,2024,May,05/2024,N,Final,245400,236900,8500,3.5,2024,2024-05-01
195035,Sonoma County,County,2024,June,06/2024,N,Final,246900,236600,10300,4.2,2024,2024-06-01
195037,Sonoma County,County,2024,July,07/2024,N,Final,248600,237400,11200,4.5,2024,2024-07-01
195039,Sonoma County,County,2024,August,08/2024,N,Final,248200,236900,11300,4.5,2024,2024-08-01
195041,Sonoma County,County,2024,September,09/2024,N,Final,248800,238800,9900,4.0,2024,2024-09-01
195043,Sonoma County,County,2024,October,10/2024,N,Final,247000,236800,10200,4.1,2024,2024-10-01
195045,Sonoma County,County,2024,November,11/2024,N,Final,244800,234400,10400,4.2,2024,2024-11-01
195047,Sonoma County,County,2024,December,12/2024,N,Final,245200,235300,9900,4.0,2024,2024-12-01
207865,Sonoma County,County,2025,January,01/2025,N,Final,246600,235500,11100,4.5,2024,2025-01-01
208889,Sonoma County,County,2025,February,02/2025,N,Final,248900,238100,10800,4.3,2024,2025-02-01
209913,Sonoma County,County,2025,March,03/2025,N,Final,250600,240000,10600,4.2,2024,2025-03-01
210937,Sonoma County,County,2025,April,04/2025,N,Final,249500,239500,10000,4.0,2024,2025-04-01
211961,Sonoma County,County,2025,May,05/2025,N,Final,250400,240800,9600,3.8,2024,2025-05-01
213992,Sonoma County,County,2025,June,06/2025,N,Final,250100,238500,11600,4.7,2024,2025-06-01
213994,Sonoma County,County,2025,July,07/2025,N,Preliminary,249900,237600,12300,4.9,2024,2025-07-01
